<?xml version="1.0" encoding="UTF-8"?>
<?xml-stylesheet href="estils.css"?>
<pintors>
    <pintor id="picasso" estil="Cubisme">
        <nom>Pablo Picasso</nom>
        <dataNaixement>25/10/1881</dataNaixement>
        <dataMort>08/04/1973</dataMort>
    </pintor>
    <pintor id="dali" estil="Surrealisme">
        <nom>Salvador Dalí</nom>
        <dataNaixement>11/05/1904</dataNaixement>
        <dataMort>23/01/1989</dataMort>
    </pintor>
    <pintor id="tapies" estil="Art Informal" classe="modernista">
        <nom>Antoni Tàpies</nom>
        <dataNaixement>13/12/1923</dataNaixement>
        <dataMort>06/02/2012</dataMort>
    </pintor>
</pintors>
