<?xml version="1.0" encoding="UTF-8"?>
<?xml-stylesheet href="exercici4.css"?>


<document>
    <seccio>
        <titol>Dades del Producte</titol>
        <llista>
            <item>
                <nom>Ordinador portàtil</nom>
                <quantitat>2</quantitat>
                <preuUnitari>800€</preuUnitari>
            </item>
            <item>
                <nom>Impressora Laser</nom>
                <quantitat>1</quantitat>
                <preuUnitari>200€</preuUnitari>
            </item>
            <item>
                <nom>Teclat i Ratolí</nom>
                <quantitat>3</quantitat>
                <preuUnitari>50€</preuUnitari>
            </item>
        </llista>
    </seccio>
</document>
