{
  "libros": [
    {
      "autor": "1",
      "portada": "https://www.mrbooks.com/mrbooks/portadas/9786287574045.webp",
      "coleccion": "SI",
      "ref": "13",
      "titulo": "EL señor de los anillos, La Comunidad Del Anillo",
      "año_publicacion": 1954,
      "genero": "fantasia epica",
      "editorial": "HarperCollins"
    },
    {
      "autor": "1",
      "portada": "https://www.mrbooks.com/mrbooks/portadas/9786287574052.webp",
      "coleccion": "SI",
      "ref": "23",
      "titulo": "El señor de los anillos, Las Dos Torres",
      "año_publicacion": 1954,
      "genero": "fantasia epica",
      "editorial": "HarperCollins"
    },
    {
      "autor": "2",
      "portada": "https://impedimenta.es/wp-content/uploads/9788418668371_SINSONTE_TEVIS_RGB.jpg",
      "coleccion": "NO",
      "ref": "10",
      "titulo": "Sinsonte",
      "año_publicacion": 1980,
      "genero": "ciencia ficcion",
      "editorial": "IMPEDIMENTA"
    },
    {
      "autor": "3",
      "portada": "https://imagessl4.casadellibro.com/a/l/s7/34/9788466659734.webp",
      "coleccion": "SI",
      "ref": "11",
      "titulo": "El Problema De Los Tres Cuerpos",
      "año_publicacion": 2006,
      "genero": "ciencia ficcion",
      "editorial": "EDICIONES B"
    },
    {
      "autor": "3",
      "portada": "https://imagessl1.casadellibro.com/a/l/s7/21/9788466660921.webp",
      "coleccion": "SI",
      "ref": "12",
      "titulo": "El Problema De Los Tres Cuerpos, Bosque Oscuro",
      "año_publicacion": 2017,
      "genero": "ciencia ficcion",
      "editorial": "EDICIONES B"
    },
    {
      "autor": "4",
      "portada": "https://imagessl8.casadellibro.com/a/l/s7/88/9788420682488.webp",
      "coleccion": "SI",
      "ref": "15",
      "titulo": "La Voz De Las Espadas",
      "año_publicacion": "2006+",
      "genero": "fantasia epica",
      "editorial": "ALIANZA EDITORIAL"
    },
    {
      "autor": "4",
      "portada": "https://imagessl1.casadellibro.com/a/l/s7/01/9788420682501.webp",
      "coleccion": "SI",
      "ref": "16",
      "titulo": "Antes De Que Los Cuelguen",
      "año_publicacion": 2007,
      "genero": "fantasia epica",
      "editorial": "ALIANZA EDITORIAL"
    },
    {
      "autor": "5",
      "portada": "https://imagessl9.casadellibro.com/a/l/s7/09/9788420674209.webp",
      "coleccion": "NO",
      "ref": "17",
      "titulo": "El Guardian Entre El Centeno",
      "año_publicacion": 1951,
      "genero": "realismo",
      "editorial": "ALIANZA EDITORIAL"
    }
  ]
}