<?xml version="1.0" encoding="UTF-8"?>
<?xml-stylesheet href="estilTable.css"?>
<document>
    <titol>Exemple amb Taules i Display</titol>
    <contingut>
        <paragraf>Un paràgraf de text.</paragraf>
        <llista>
            <item>Element 1</item>
            <item>Element 2</item>
            <item>Element 3</item>
        </llista>
        <paragraf>Un altre paràgraf de text.</paragraf>
        <taula>
            <fila>
                <celda>Estudiant</celda>
                <celda>Edat</celda>
                <celda>Nota</celda>
            </fila>
            <fila>
                <celda>Anna</celda>
                <celda>22</celda>
                <celda>90</celda>
            </fila>
            <fila>
                <celda>Marc</celda>
                <celda>20</celda>
                <celda>85</celda>
            </fila>
        </taula>
    </contingut>
</document>
